,0
0,"{'traffic light': 4, 'car': 1}"
1,"{'traffic light': 3, 'car': 2}"
2,"{'traffic light': 4, 'car': 2}"
3,"{'traffic light': 4, 'car': 2}"
4,"{'traffic light': 4, 'car': 1}"
5,"{'car': 1, 'traffic light': 4}"
6,"{'car': 1, 'traffic light': 4}"
7,{'traffic light': 2}
8,"{'traffic light': 4, 'car': 1}"
9,"{'traffic light': 2, 'car': 1}"
10,{'traffic light': 1}
11,"{'traffic light': 3, 'car': 1}"
12,"{'car': 1, 'traffic light': 2}"
13,"{'car': 1, 'traffic light': 1}"
14,"{'car': 1, 'traffic light': 1}"
15,"{'traffic light': 1, 'car': 1}"
16,{'traffic light': 2}
17,"{'traffic light': 2, 'car': 1}"
18,"{'traffic light': 3, 'car': 1}"
19,"{'traffic light': 5, 'car': 1}"
20,{'traffic light': 3}
21,{'traffic light': 1}
22,{'traffic light': 1}
23,"{'car': 1, 'traffic light': 2}"
24,"{'car': 1, 'traffic light': 1}"
25,{'traffic light': 2}
26,{'traffic light': 2}
27,"{'car': 1, 'traffic light': 1}"
28,"{'car': 1, 'traffic light': 1}"
29,"{'car': 2, 'traffic light': 1}"
30,"{'car': 2, 'traffic light': 2}"
31,"{'car': 3, 'traffic light': 2}"
32,"{'car': 3, 'traffic light': 1}"
33,{}
34,"{'car': 1, 'traffic light': 2}"
35,{}
36,"{'car': 2, 'traffic light': 1}"
37,"{'car': 2, 'traffic light': 1}"
38,"{'car': 2, 'traffic light': 1}"
39,"{'car': 4, 'traffic light': 2}"
40,"{'car': 5, 'traffic light': 2}"
41,"{'car': 4, 'traffic light': 2}"
42,"{'car': 4, 'traffic light': 2}"
43,"{'car': 4, 'traffic light': 2}"
44,"{'car': 4, 'traffic light': 2}"
45,"{'car': 3, 'traffic light': 2}"
46,"{'traffic light': 2, 'car': 3}"
47,"{'traffic light': 2, 'car': 4}"
48,"{'traffic light': 2, 'car': 4}"
49,"{'traffic light': 2, 'car': 3}"
50,"{'traffic light': 2, 'car': 3}"
51,"{'traffic light': 2, 'car': 1}"
52,"{'traffic light': 2, 'car': 1}"
53,"{'traffic light': 2, 'car': 1}"
54,"{'traffic light': 2, 'car': 2}"
55,"{'traffic light': 3, 'car': 3}"
56,"{'car': 4, 'traffic light': 2}"
57,"{'car': 3, 'traffic light': 2}"
58,"{'car': 1, 'traffic light': 2}"
59,"{'car': 3, 'traffic light': 2}"
60,"{'car': 2, 'traffic light': 2}"
61,"{'car': 3, 'traffic light': 3}"
62,"{'car': 2, 'traffic light': 2}"
63,{'car': 2}
64,{'car': 3}
65,"{'car': 2, 'traffic light': 2}"
66,"{'car': 2, 'traffic light': 2}"
67,{}
68,{}
69,"{'truck': 1, 'car': 1}"
70,{'traffic light': 2}
71,"{'traffic light': 2, 'car': 1}"
72,"{'traffic light': 2, 'car': 1}"
73,"{'traffic light': 2, 'car': 2}"
74,"{'traffic light': 2, 'car': 1}"
75,{'traffic light': 2}
76,"{'traffic light': 2, 'car': 2}"
77,"{'traffic light': 2, 'car': 3, 'truck': 1}"
78,"{'traffic light': 2, 'car': 2}"
79,{'traffic light': 2}
80,{'traffic light': 2}
81,"{'traffic light': 3, 'car': 1}"
82,{'traffic light': 2}
83,{'traffic light': 2}
84,{'traffic light': 2}
85,"{'traffic light': 2, 'car': 1}"
86,"{'traffic light': 4, 'car': 1}"
87,"{'car': 2, 'traffic light': 3}"
88,"{'car': 2, 'traffic light': 3}"
89,"{'car': 2, 'traffic light': 3}"
90,"{'car': 2, 'traffic light': 2}"
91,"{'car': 1, 'traffic light': 4}"
92,"{'traffic light': 4, 'car': 1}"
93,"{'car': 1, 'traffic light': 3}"
94,"{'traffic light': 2, 'car': 1}"
95,{'car': 1}
96,"{'car': 1, 'traffic light': 1}"
97,"{'car': 1, 'traffic light': 2}"
98,"{'car': 2, 'traffic light': 2}"
99,"{'car': 1, 'traffic light': 2}"
100,"{'traffic light': 2, 'car': 2}"
101,"{'traffic light': 2, 'car': 1}"
102,"{'traffic light': 2, 'car': 1}"
103,"{'car': 2, 'traffic light': 2}"
104,"{'car': 1, 'traffic light': 2}"
105,"{'car': 1, 'traffic light': 2}"
106,"{'car': 1, 'traffic light': 2}"
107,"{'traffic light': 2, 'car': 3}"
108,"{'traffic light': 2, 'car': 1}"
109,{'traffic light': 2}
110,"{'traffic light': 2, 'car': 1}"
111,{'traffic light': 2}
112,{'traffic light': 1}
113,{'traffic light': 2}
114,{'traffic light': 1}
115,{'traffic light': 1}
116,{}
117,{}
118,{'traffic light': 2}
119,{'traffic light': 2}
120,{'traffic light': 3}
121,"{'traffic light': 3, 'car': 1}"
122,{'traffic light': 2}
123,{'traffic light': 3}
124,{'traffic light': 3}
125,{'traffic light': 2}
126,{'traffic light': 3}
127,{'traffic light': 3}
128,{'traffic light': 4}
129,{'traffic light': 2}
130,{'traffic light': 2}
131,{'traffic light': 2}
132,{'traffic light': 3}
133,{'traffic light': 2}
134,{'traffic light': 2}
135,{'traffic light': 2}
136,"{'car': 1, 'traffic light': 2}"
137,{'traffic light': 2}
138,{'traffic light': 3}
139,"{'traffic light': 2, 'car': 1}"
140,"{'car': 1, 'traffic light': 2}"
141,"{'traffic light': 2, 'car': 1}"
142,"{'traffic light': 3, 'car': 1}"
143,"{'car': 1, 'traffic light': 3}"
144,"{'car': 1, 'traffic light': 2}"
145,"{'car': 1, 'traffic light': 2}"
146,"{'car': 1, 'traffic light': 2}"
147,"{'car': 2, 'traffic light': 2}"
148,"{'car': 2, 'traffic light': 2}"
149,"{'car': 2, 'traffic light': 2}"
150,"{'car': 2, 'traffic light': 2}"
151,"{'traffic light': 2, 'car': 2}"
152,"{'car': 2, 'traffic light': 2}"
153,"{'traffic light': 2, 'car': 2}"
154,"{'car': 2, 'traffic light': 2}"
155,"{'car': 2, 'traffic light': 2}"
156,"{'car': 3, 'traffic light': 2}"
157,"{'car': 3, 'traffic light': 2}"
158,"{'car': 3, 'traffic light': 2}"
159,"{'car': 4, 'traffic light': 2}"
160,"{'car': 4, 'traffic light': 1}"
161,"{'car': 3, 'traffic light': 2}"
162,"{'car': 4, 'traffic light': 2}"
163,"{'car': 3, 'traffic light': 2}"
164,"{'car': 3, 'traffic light': 2}"
165,"{'car': 3, 'traffic light': 2}"
166,"{'car': 2, 'traffic light': 2}"
167,"{'car': 2, 'traffic light': 2}"
168,"{'car': 2, 'traffic light': 2}"
169,"{'car': 1, 'traffic light': 2}"
170,"{'car': 3, 'traffic light': 2}"
171,"{'car': 2, 'traffic light': 3}"
172,"{'car': 3, 'traffic light': 3}"
173,"{'car': 3, 'traffic light': 3}"
174,"{'car': 3, 'traffic light': 5}"
175,"{'car': 3, 'traffic light': 5}"
176,"{'car': 3, 'traffic light': 4}"
177,"{'car': 4, 'traffic light': 5}"
178,"{'car': 3, 'traffic light': 4}"
179,"{'car': 4, 'traffic light': 5}"
180,"{'car': 4, 'traffic light': 3}"
181,"{'car': 2, 'traffic light': 3}"
182,"{'car': 1, 'traffic light': 3}"
183,"{'car': 2, 'traffic light': 3}"
184,"{'car': 2, 'traffic light': 3}"
185,"{'car': 5, 'traffic light': 3}"
186,"{'car': 3, 'traffic light': 3}"
187,"{'car': 3, 'traffic light': 3}"
188,"{'car': 2, 'traffic light': 5}"
189,"{'car': 3, 'traffic light': 5}"
190,"{'car': 3, 'traffic light': 5}"
191,"{'car': 3, 'traffic light': 4}"
192,"{'car': 3, 'traffic light': 4}"
193,"{'car': 2, 'traffic light': 5}"
194,"{'traffic light': 4, 'car': 1}"
195,"{'traffic light': 4, 'car': 1}"
196,"{'traffic light': 4, 'car': 1}"
197,"{'traffic light': 3, 'car': 1}"
198,{'traffic light': 2}
199,{'traffic light': 2}
200,{'traffic light': 2}
201,{'traffic light': 2}
202,{'traffic light': 1}
203,"{'traffic light': 2, 'car': 1}"
204,{'traffic light': 2}
205,{'traffic light': 1}
206,"{'car': 1, 'traffic light': 1}"
207,{'traffic light': 2}
208,{'traffic light': 2}
209,{'traffic light': 2}
210,{'traffic light': 1}
211,{}
212,{'traffic light': 2}
213,"{'car': 1, 'traffic light': 2}"
214,"{'car': 1, 'traffic light': 2}"
215,"{'car': 1, 'traffic light': 2, 'truck': 1}"
216,"{'car': 1, 'traffic light': 1}"
217,"{'car': 1, 'traffic light': 1}"
218,{'car': 1}
219,"{'car': 1, 'traffic light': 1}"
220,"{'car': 3, 'traffic light': 1}"
221,{'car': 1}
222,"{'car': 1, 'traffic light': 1}"
223,"{'car': 2, 'traffic light': 2}"
224,{'car': 2}
225,{}
226,{}
227,"{'car': 1, 'traffic light': 2}"
228,"{'car': 1, 'traffic light': 2}"
229,{}
