,0
0,{'traffic light': 2}
1,{'traffic light': 2}
2,{'traffic light': 2}
3,"{'traffic light': 2, 'train': 1, 'car': 1}"
4,"{'traffic light': 2, 'car': 1}"
5,{'traffic light': 5}
6,"{'traffic light': 3, 'car': 2}"
7,"{'traffic light': 3, 'car': 1}"
8,"{'traffic light': 4, 'car': 1}"
9,"{'traffic light': 4, 'train': 1}"
10,"{'traffic light': 3, 'car': 1}"
11,{'traffic light': 5}
12,{'traffic light': 5}
13,{'traffic light': 4}
14,"{'traffic light': 3, 'car': 1}"
15,{'traffic light': 4}
16,"{'traffic light': 5, 'car': 1}"
17,"{'traffic light': 4, 'car': 1}"
18,"{'car': 1, 'traffic light': 4}"
19,"{'car': 1, 'traffic light': 5}"
20,"{'car': 2, 'traffic light': 4}"
21,"{'car': 1, 'traffic light': 3}"
22,"{'traffic light': 3, 'car': 1}"
23,{'traffic light': 3}
24,{'traffic light': 4}
25,{'traffic light': 2}
26,{'traffic light': 3}
27,{'traffic light': 2}
28,{'traffic light': 3}
29,"{'traffic light': 2, 'car': 1}"
30,{'traffic light': 1}
31,{'traffic light': 4}
32,"{'car': 2, 'traffic light': 2}"
33,"{'car': 1, 'traffic light': 2}"
34,"{'traffic light': 2, 'car': 1}"
35,{'traffic light': 3}
36,{'traffic light': 3}
37,{'traffic light': 3}
38,{'traffic light': 3}
39,{'traffic light': 1}
40,{'traffic light': 3}
41,"{'car': 1, 'traffic light': 4}"
42,"{'car': 1, 'traffic light': 3}"
43,{'traffic light': 3}
44,{'traffic light': 3}
45,"{'car': 1, 'traffic light': 4}"
46,"{'car': 1, 'traffic light': 4}"
47,"{'car': 1, 'traffic light': 2}"
48,"{'traffic light': 4, 'car': 1}"
49,{'traffic light': 3}
50,{'traffic light': 3}
51,{'traffic light': 2}
52,{'traffic light': 2}
53,{}
54,"{'truck': 1, 'traffic light': 1}"
55,{}
56,"{'truck': 1, 'traffic light': 3, 'car': 1}"
57,"{'traffic light': 3, 'bus': 1, 'car': 1}"
58,"{'car': 2, 'traffic light': 3}"
59,"{'car': 1, 'traffic light': 4, 'person': 1}"
60,"{'car': 3, 'traffic light': 3}"
61,"{'traffic light': 4, 'car': 1}"
62,"{'traffic light': 4, 'car': 1}"
63,"{'person': 1, 'traffic light': 4, 'car': 2}"
64,"{'car': 2, 'traffic light': 3, 'person': 1}"
65,"{'car': 2, 'traffic light': 3}"
66,"{'car': 2, 'traffic light': 3}"
67,"{'car': 1, 'traffic light': 3}"
68,"{'car': 1, 'traffic light': 4}"
69,"{'car': 1, 'traffic light': 2}"
70,"{'car': 2, 'traffic light': 2}"
71,"{'car': 1, 'traffic light': 3}"
72,"{'car': 1, 'traffic light': 3}"
73,{'traffic light': 4}
74,"{'car': 3, 'traffic light': 3}"
75,"{'car': 1, 'traffic light': 3}"
76,"{'car': 1, 'traffic light': 3}"
77,"{'car': 1, 'traffic light': 1}"
78,"{'car': 2, 'traffic light': 1}"
79,"{'car': 1, 'traffic light': 2}"
80,"{'car': 1, 'traffic light': 3}"
81,"{'car': 1, 'traffic light': 3}"
82,"{'car': 1, 'traffic light': 2}"
83,{'traffic light': 1}
84,"{'car': 2, 'traffic light': 1}"
85,"{'traffic light': 3, 'car': 1}"
86,{'traffic light': 1}
87,"{'car': 2, 'traffic light': 1}"
88,"{'car': 2, 'traffic light': 3}"
89,"{'traffic light': 2, 'car': 1}"
90,"{'car': 1, 'traffic light': 2}"
91,"{'car': 1, 'traffic light': 3}"
92,"{'car': 2, 'traffic light': 3}"
93,"{'car': 1, 'traffic light': 3}"
94,"{'car': 1, 'traffic light': 2, 'train': 1}"
95,"{'car': 1, 'traffic light': 2}"
96,"{'car': 2, 'traffic light': 2}"
97,{'traffic light': 2}
98,"{'car': 1, 'traffic light': 1}"
99,"{'car': 1, 'traffic light': 1}"
100,"{'car': 1, 'traffic light': 1}"
101,"{'car': 1, 'traffic light': 1}"
102,"{'car': 1, 'traffic light': 2}"
103,"{'car': 1, 'train': 1, 'traffic light': 1}"
104,"{'car': 1, 'traffic light': 1, 'train': 1}"
105,"{'car': 1, 'traffic light': 1}"
106,"{'car': 1, 'traffic light': 2}"
107,"{'car': 1, 'traffic light': 3}"
108,{'traffic light': 3}
109,"{'traffic light': 3, 'car': 1}"
110,"{'traffic light': 3, 'car': 1}"
111,"{'traffic light': 3, 'car': 1}"
112,{'traffic light': 3}
113,{'traffic light': 3}
114,{'traffic light': 2}
115,{'traffic light': 2}
116,{'traffic light': 3}
117,{'traffic light': 3}
118,{'traffic light': 3}
119,{'traffic light': 3}
120,{'traffic light': 3}
121,{'traffic light': 3}
122,"{'car': 1, 'traffic light': 3}"
123,"{'car': 1, 'traffic light': 3}"
124,"{'car': 1, 'traffic light': 2}"
125,"{'car': 1, 'traffic light': 2}"
126,"{'car': 1, 'traffic light': 3}"
127,"{'car': 2, 'traffic light': 2}"
128,"{'car': 1, 'traffic light': 2}"
129,"{'traffic light': 2, 'car': 1}"
130,{'traffic light': 2}
131,"{'traffic light': 2, 'car': 1}"
132,{'traffic light': 1}
133,{'traffic light': 3}
134,"{'traffic light': 2, 'car': 1}"
135,{'traffic light': 2}
136,"{'traffic light': 2, 'car': 1}"
137,"{'traffic light': 2, 'car': 1}"
138,"{'traffic light': 1, 'car': 1}"
139,"{'train': 1, 'car': 1, 'traffic light': 1}"
140,{'traffic light': 1}
141,"{'traffic light': 2, 'person': 1, 'train': 1}"
142,"{'train': 1, 'traffic light': 1}"
143,"{'train': 1, 'traffic light': 3}"
144,"{'train': 1, 'traffic light': 1}"
145,"{'traffic light': 1, 'train': 1}"
146,{'train': 1}
147,{}
148,{'traffic light': 2}
149,"{'traffic light': 3, 'car': 1}"
150,"{'traffic light': 2, 'car': 1}"
151,{'traffic light': 3}
152,{'traffic light': 2}
153,"{'car': 2, 'traffic light': 3}"
154,"{'car': 1, 'traffic light': 1}"
155,"{'car': 1, 'traffic light': 1}"
156,{'car': 1}
157,{'car': 1}
158,{'traffic light': 1}
159,{'traffic light': 1}
160,{'traffic light': 2}
161,{'traffic light': 1}
162,{'traffic light': 2}
163,{'traffic light': 2}
164,"{'traffic light': 2, 'car': 1}"
165,"{'traffic light': 2, 'car': 3}"
166,"{'car': 3, 'traffic light': 2}"
167,"{'traffic light': 3, 'car': 2}"
168,"{'car': 2, 'traffic light': 3}"
169,"{'car': 2, 'traffic light': 2}"
170,"{'car': 2, 'traffic light': 2}"
171,"{'car': 2, 'traffic light': 3}"
172,"{'car': 1, 'traffic light': 3}"
173,"{'car': 1, 'traffic light': 2}"
174,"{'car': 1, 'traffic light': 2}"
175,"{'car': 2, 'traffic light': 3}"
176,"{'car': 1, 'traffic light': 1}"
177,{'traffic light': 2}
178,"{'traffic light': 2, 'car': 1}"
179,{'traffic light': 2}
180,{'traffic light': 2}
181,"{'car': 1, 'traffic light': 2}"
182,"{'car': 1, 'traffic light': 3}"
183,"{'car': 2, 'traffic light': 3}"
184,"{'car': 1, 'traffic light': 3}"
185,"{'traffic light': 3, 'car': 1}"
186,"{'car': 1, 'traffic light': 3}"
187,"{'car': 1, 'traffic light': 3}"
188,"{'car': 1, 'traffic light': 3}"
189,"{'car': 1, 'traffic light': 2}"
190,"{'car': 1, 'traffic light': 2}"
191,"{'car': 1, 'truck': 1}"
192,"{'car': 1, 'traffic light': 2}"
193,"{'car': 1, 'traffic light': 1}"
194,{'traffic light': 1}
195,"{'traffic light': 2, 'car': 1}"
196,"{'traffic light': 1, 'car': 1}"
197,"{'traffic light': 2, 'motorbike': 1}"
198,{'traffic light': 1}
199,{'traffic light': 2}
200,{'traffic light': 1}
201,"{'car': 2, 'traffic light': 1}"
202,"{'car': 1, 'traffic light': 1, 'train': 1}"
203,"{'car': 1, 'traffic light': 4}"
204,"{'car': 2, 'traffic light': 4}"
205,"{'traffic light': 5, 'car': 4}"
