,0
0,"{'car': 6, 'truck': 1}"
1,"{'car': 6, 'truck': 1}"
2,"{'car': 7, 'truck': 1}"
3,{'car': 8}
4,{'car': 8}
5,{'car': 6}
6,{'car': 9}
7,{'car': 7}
8,"{'car': 7, 'traffic light': 1}"
9,"{'car': 7, 'traffic light': 1}"
10,"{'car': 8, 'traffic light': 1}"
11,{'car': 6}
12,"{'car': 7, 'traffic light': 1}"
13,{'car': 7}
14,"{'car': 5, 'traffic light': 1}"
15,"{'car': 6, 'traffic light': 1}"
16,"{'car': 6, 'traffic light': 1}"
17,"{'car': 6, 'traffic light': 1}"
18,{'car': 5}
19,"{'car': 6, 'traffic light': 1}"
20,{'car': 4}
21,{'car': 3}
22,{'car': 2}
23,{'car': 3}
24,{'car': 2}
25,{'car': 2}
26,{'car': 1}
27,{}
28,{'car': 1}
29,{'car': 1}
30,{'car': 2}
31,{'car': 1}
32,{'car': 1}
33,{'car': 1}
34,{'car': 1}
35,{'car': 1}
36,"{'car': 2, 'traffic light': 1}"
37,{'car': 1}
38,{'car': 1}
39,{'car': 1}
40,{'car': 1}
41,{'car': 1}
42,{'car': 1}
43,{'car': 1}
44,{'car': 1}
45,{'car': 1}
46,{'car': 1}
47,{'car': 1}
48,{'car': 1}
49,{'car': 1}
50,{'car': 4}
51,"{'car': 4, 'traffic light': 1}"
52,{'car': 5}
53,{'car': 2}
54,{'car': 3}
55,{'car': 2}
56,{'car': 3}
57,{'car': 3}
58,{'car': 2}
59,{'car': 2}
60,"{'car': 4, 'traffic light': 1}"
61,{'car': 3}
62,"{'car': 3, 'traffic light': 1}"
63,"{'car': 3, 'traffic light': 1}"
64,"{'car': 4, 'traffic light': 1}"
65,"{'car': 4, 'traffic light': 1}"
66,"{'car': 3, 'traffic light': 1}"
67,"{'car': 6, 'traffic light': 1}"
68,"{'car': 4, 'traffic light': 1}"
69,"{'car': 5, 'traffic light': 1}"
70,"{'car': 5, 'traffic light': 1}"
71,{'car': 4}
72,"{'car': 3, 'traffic light': 1}"
73,{'car': 4}
74,"{'car': 6, 'traffic light': 1}"
75,"{'car': 6, 'traffic light': 1}"
76,"{'car': 5, 'traffic light': 1}"
77,"{'car': 2, 'traffic light': 1}"
78,"{'car': 4, 'traffic light': 1}"
79,"{'car': 2, 'traffic light': 1}"
80,"{'car': 3, 'traffic light': 1}"
81,"{'car': 3, 'traffic light': 1}"
82,"{'car': 4, 'traffic light': 1}"
83,"{'car': 4, 'traffic light': 1}"
84,"{'car': 3, 'traffic light': 1}"
85,"{'car': 5, 'traffic light': 1}"
86,"{'car': 4, 'traffic light': 1}"
87,"{'car': 6, 'traffic light': 1}"
88,"{'car': 6, 'traffic light': 1}"
89,"{'car': 5, 'traffic light': 1}"
90,"{'car': 4, 'traffic light': 1}"
91,"{'car': 6, 'traffic light': 1}"
92,"{'car': 5, 'traffic light': 1}"
93,"{'car': 6, 'traffic light': 1}"
94,"{'car': 4, 'traffic light': 1}"
95,"{'car': 6, 'traffic light': 1}"
96,"{'car': 7, 'traffic light': 1}"
97,"{'car': 7, 'truck': 2, 'traffic light': 1}"
98,"{'car': 6, 'traffic light': 1}"
99,"{'car': 6, 'traffic light': 1}"
100,"{'car': 6, 'traffic light': 1}"
101,"{'car': 4, 'traffic light': 1}"
102,"{'car': 4, 'traffic light': 1}"
103,"{'car': 5, 'traffic light': 1}"
104,"{'car': 4, 'traffic light': 1, 'truck': 1}"
105,"{'car': 4, 'traffic light': 1}"
106,"{'car': 4, 'traffic light': 1}"
107,"{'car': 4, 'traffic light': 1}"
108,"{'car': 4, 'traffic light': 1}"
109,"{'car': 5, 'traffic light': 1}"
110,{'car': 4}
111,{'car': 6}
112,{'car': 3}
113,{'car': 4}
114,{'car': 3}
115,{'car': 3}
116,"{'car': 5, 'traffic light': 1}"
117,"{'car': 1, 'traffic light': 1}"
118,"{'car': 2, 'traffic light': 1}"
119,"{'car': 3, 'traffic light': 1}"
120,"{'car': 4, 'traffic light': 1}"
121,{'car': 3}
122,"{'car': 3, 'traffic light': 1}"
123,"{'car': 6, 'motorbike': 1, 'traffic light': 1}"
124,"{'car': 2, 'traffic light': 1}"
125,"{'car': 3, 'traffic light': 1, 'truck': 1}"
126,"{'car': 3, 'traffic light': 1, 'truck': 1}"
127,"{'car': 5, 'traffic light': 1}"
128,"{'car': 10, 'traffic light': 1}"
129,"{'car': 6, 'truck': 1, 'traffic light': 1}"
130,"{'car': 5, 'traffic light': 1, 'truck': 1}"
131,"{'car': 5, 'truck': 1, 'traffic light': 1}"
132,"{'car': 6, 'truck': 1, 'traffic light': 1}"
133,"{'car': 4, 'truck': 1, 'traffic light': 1}"
134,"{'car': 6, 'traffic light': 1, 'truck': 1}"
135,"{'car': 7, 'truck': 1}"
136,"{'car': 7, 'truck': 1}"
137,"{'car': 8, 'truck': 1}"
138,"{'truck': 1, 'car': 8, 'bus': 1}"
139,"{'car': 7, 'bus': 1}"
140,"{'car': 6, 'bus': 1, 'truck': 1}"
141,"{'car': 6, 'bus': 1}"
142,"{'car': 5, 'traffic light': 1, 'bus': 1}"
143,"{'car': 4, 'bus': 1, 'traffic light': 1}"
144,"{'car': 4, 'traffic light': 1}"
145,"{'car': 4, 'bus': 1}"
146,"{'car': 4, 'bus': 1}"
147,"{'car': 4, 'bus': 1, 'truck': 1}"
148,"{'car': 4, 'bus': 1}"
149,{'car': 2}
150,{'car': 2}
151,{'car': 2}
152,{'car': 1}
153,{'car': 4}
154,{'car': 3}
155,"{'car': 5, 'traffic light': 1}"
156,"{'car': 7, 'traffic light': 1}"
157,"{'car': 5, 'traffic light': 1}"
158,"{'car': 7, 'traffic light': 1}"
159,"{'car': 7, 'traffic light': 1}"
160,{'car': 7}
161,{'car': 3}
162,"{'car': 6, 'truck': 1}"
163,{'car': 7}
164,{'car': 5}
165,"{'car': 4, 'traffic light': 1}"
166,"{'car': 4, 'traffic light': 1}"
167,"{'car': 5, 'person': 1}"
168,{'car': 6}
169,"{'car': 5, 'person': 1}"
170,"{'car': 5, 'person': 1}"
171,{'car': 5}
172,{'car': 5}
173,{'car': 5}
174,{'car': 5}
175,{'car': 5}
176,{'car': 5}
177,{'car': 4}
178,{'car': 6}
179,{'car': 5}
180,{'car': 8}
181,{'car': 2}
182,{'car': 7}
183,{'car': 4}
184,{'car': 4}
185,{'car': 2}
186,{'car': 2}
187,{'car': 3}
188,{'car': 4}
189,{'car': 5}
190,{'car': 6}
191,{'car': 6}
192,{'car': 8}
